<application>
  <component name="TemplateSettings">
    <defaultShortcut shortcut="ENTER" />
    <option name="deletedKeys">
      <list>
        <TemplateKey>
          <option name="groupName" value="Kotlin" />
          <option name="key" value="main" />
        </TemplateKey>
        <TemplateKey>
          <option name="groupName" value="Kotlin" />
          <option name="key" value="maina" />
        </TemplateKey>
        <TemplateKey>
          <option name="groupName" value="Kotlin" />
          <option name="key" value="maino" />
        </TemplateKey>
        <TemplateKey>
          <option name="groupName" value="Kotlin" />
          <option name="key" value="sout" />
        </TemplateKey>
        <TemplateKey>
          <option name="groupName" value="Kotlin" />
          <option name="key" value="serr" />
        </TemplateKey>
        <TemplateKey>
          <option name="groupName" value="Kotlin" />
          <option name="key" value="soutv" />
        </TemplateKey>
        <TemplateKey>
          <option name="groupName" value="Kotlin" />
          <option name="key" value="soutp" />
        </TemplateKey>
        <TemplateKey>
          <option name="groupName" value="Kotlin" />
          <option name="key" value="soutf" />
        </TemplateKey>
        <TemplateKey>
          <option name="groupName" value="Kotlin" />
          <option name="key" value="iter" />
        </TemplateKey>
        <TemplateKey>
          <option name="groupName" value="Kotlin" />
          <option name="key" value="ifn" />
        </TemplateKey>
        <TemplateKey>
          <option name="groupName" value="Kotlin" />
          <option name="key" value="inn" />
        </TemplateKey>
        <TemplateKey>
          <option name="groupName" value="Kotlin" />
          <option name="key" value="void" />
        </TemplateKey>
        <TemplateKey>
          <option name="groupName" value="Kotlin" />
          <option name="key" value="fun0" />
        </TemplateKey>
        <TemplateKey>
          <option name="groupName" value="Kotlin" />
          <option name="key" value="fun1" />
        </TemplateKey>
        <TemplateKey>
          <option name="groupName" value="Kotlin" />
          <option name="key" value="fun2" />
        </TemplateKey>
        <TemplateKey>
          <option name="groupName" value="Kotlin" />
          <option name="key" value="interface" />
        </TemplateKey>
        <TemplateKey>
          <option name="groupName" value="Kotlin" />
          <option name="key" value="singleton" />
        </TemplateKey>
        <TemplateKey>
          <option name="groupName" value="Kotlin" />
          <option name="key" value="closure" />
        </TemplateKey>
        <TemplateKey>
          <option name="groupName" value="Kotlin" />
          <option name="key" value="anonymous" />
        </TemplateKey>
        <TemplateKey>
          <option name="groupName" value="Kotlin" />
          <option name="key" value="exfun" />
        </TemplateKey>
        <TemplateKey>
          <option name="groupName" value="Kotlin" />
          <option name="key" value="exval" />
        </TemplateKey>
        <TemplateKey>
          <option name="groupName" value="Kotlin" />
          <option name="key" value="exvar" />
        </TemplateKey>
        <TemplateKey>
          <option name="groupName" value="Kotlin" />
          <option name="key" value="psvm" />
        </TemplateKey>
        <TemplateKey>
          <option name="groupName" value="Kotlin" />
          <option name="key" value="psvma" />
        </TemplateKey>
        <TemplateKey>
          <option name="groupName" value="Kotlin" />
          <option name="key" value="psvmo" />
        </TemplateKey>
        <TemplateKey>
          <option name="groupName" value="Kotlin" />
          <option name="key" value="object" />
        </TemplateKey>
        <TemplateKey>
          <option name="groupName" value="HTML/XML" />
          <option name="key" value="T" />
        </TemplateKey>
        <TemplateKey>
          <option name="groupName" value="HTML/XML" />
          <option name="key" value="CD" />
        </TemplateKey>
        <TemplateKey>
          <option name="groupName" value="Zen HTML" />
          <option name="key" value="!!!" />
        </TemplateKey>
        <TemplateKey>
          <option name="groupName" value="Zen HTML" />
          <option name="key" value="!!!4t" />
        </TemplateKey>
        <TemplateKey>
          <option name="groupName" value="Zen HTML" />
          <option name="key" value="!!!4s" />
        </TemplateKey>
        <TemplateKey>
          <option name="groupName" value="Zen HTML" />
          <option name="key" value="!!!xt" />
        </TemplateKey>
        <TemplateKey>
          <option name="groupName" value="Zen HTML" />
          <option name="key" value="!!!xs" />
        </TemplateKey>
        <TemplateKey>
          <option name="groupName" value="Zen HTML" />
          <option name="key" value="!!!xxs" />
        </TemplateKey>
        <TemplateKey>
          <option name="groupName" value="Zen HTML" />
          <option name="key" value="c" />
        </TemplateKey>
        <TemplateKey>
          <option name="groupName" value="Zen HTML" />
          <option name="key" value="cc:ie6" />
        </TemplateKey>
        <TemplateKey>
          <option name="groupName" value="Zen HTML" />
          <option name="key" value="cc:ie" />
        </TemplateKey>
        <TemplateKey>
          <option name="groupName" value="Zen HTML" />
          <option name="key" value="cc:noie" />
        </TemplateKey>
        <TemplateKey>
          <option name="groupName" value="Zen HTML" />
          <option name="key" value="!" />
        </TemplateKey>
        <TemplateKey>
          <option name="groupName" value="Zen HTML" />
          <option name="key" value="a" />
        </TemplateKey>
        <TemplateKey>
          <option name="groupName" value="Zen HTML" />
          <option name="key" value="a:link" />
        </TemplateKey>
        <TemplateKey>
          <option name="groupName" value="Zen HTML" />
          <option name="key" value="a:mail" />
        </TemplateKey>
        <TemplateKey>
          <option name="groupName" value="Zen HTML" />
          <option name="key" value="a:tel" />
        </TemplateKey>
        <TemplateKey>
          <option name="groupName" value="Zen HTML" />
          <option name="key" value="abbr" />
        </TemplateKey>
        <TemplateKey>
          <option name="groupName" value="Zen HTML" />
          <option name="key" value="acronym" />
        </TemplateKey>
        <TemplateKey>
          <option name="groupName" value="Zen HTML" />
          <option name="key" value="base" />
        </TemplateKey>
        <TemplateKey>
          <option name="groupName" value="Zen HTML" />
          <option name="key" value="basefont" />
        </TemplateKey>
        <TemplateKey>
          <option name="groupName" value="Zen HTML" />
          <option name="key" value="br" />
        </TemplateKey>
        <TemplateKey>
          <option name="groupName" value="Zen HTML" />
          <option name="key" value="frame" />
        </TemplateKey>
        <TemplateKey>
          <option name="groupName" value="Zen HTML" />
          <option name="key" value="hr" />
        </TemplateKey>
        <TemplateKey>
          <option name="groupName" value="Zen HTML" />
          <option name="key" value="bdo" />
        </TemplateKey>
        <TemplateKey>
          <option name="groupName" value="Zen HTML" />
          <option name="key" value="bdo:r" />
        </TemplateKey>
        <TemplateKey>
          <option name="groupName" value="Zen HTML" />
          <option name="key" value="bdo:l" />
        </TemplateKey>
        <TemplateKey>
          <option name="groupName" value="Zen HTML" />
          <option name="key" value="col" />
        </TemplateKey>
        <TemplateKey>
          <option name="groupName" value="Zen HTML" />
          <option name="key" value="link" />
        </TemplateKey>
        <TemplateKey>
          <option name="groupName" value="Zen HTML" />
          <option name="key" value="link:css" />
        </TemplateKey>
        <TemplateKey>
          <option name="groupName" value="Zen HTML" />
          <option name="key" value="link:import" />
        </TemplateKey>
        <TemplateKey>
          <option name="groupName" value="Zen HTML" />
          <option name="key" value="link:im" />
        </TemplateKey>
        <TemplateKey>
          <option name="groupName" value="Zen HTML" />
          <option name="key" value="link:print" />
        </TemplateKey>
        <TemplateKey>
          <option name="groupName" value="Zen HTML" />
          <option name="key" value="link:favicon" />
        </TemplateKey>
        <TemplateKey>
          <option name="groupName" value="Zen HTML" />
          <option name="key" value="link:touch" />
        </TemplateKey>
        <TemplateKey>
          <option name="groupName" value="Zen HTML" />
          <option name="key" value="link:rss" />
        </TemplateKey>
        <TemplateKey>
          <option name="groupName" value="Zen HTML" />
          <option name="key" value="link:atom" />
        </TemplateKey>
        <TemplateKey>
          <option name="groupName" value="Zen HTML" />
          <option name="key" value="meta" />
        </TemplateKey>
        <TemplateKey>
          <option name="groupName" value="Zen HTML" />
          <option name="key" value="meta:utf" />
        </TemplateKey>
        <TemplateKey>
          <option name="groupName" value="Zen HTML" />
          <option name="key" value="meta:win" />
        </TemplateKey>
        <TemplateKey>
          <option name="groupName" value="Zen HTML" />
          <option name="key" value="meta:edge" />
        </TemplateKey>
        <TemplateKey>
          <option name="groupName" value="Zen HTML" />
          <option name="key" value="meta:vp" />
        </TemplateKey>
        <TemplateKey>
          <option name="groupName" value="Zen HTML" />
          <option name="key" value="meta:compat" />
        </TemplateKey>
        <TemplateKey>
          <option name="groupName" value="Zen HTML" />
          <option name="key" value="meta:redirect" />
        </TemplateKey>
        <TemplateKey>
          <option name="groupName" value="Zen HTML" />
          <option name="key" value="style" />
        </TemplateKey>
        <TemplateKey>
          <option name="groupName" value="Zen HTML" />
          <option name="key" value="script" />
        </TemplateKey>
        <TemplateKey>
          <option name="groupName" value="Zen HTML" />
          <option name="key" value="script:src" />
        </TemplateKey>
        <TemplateKey>
          <option name="groupName" value="Zen HTML" />
          <option name="key" value="img" />
        </TemplateKey>
        <TemplateKey>
          <option name="groupName" value="Zen HTML" />
          <option name="key" value="img:s" />
        </TemplateKey>
        <TemplateKey>
          <option name="groupName" value="Zen HTML" />
          <option name="key" value="img:srcset" />
        </TemplateKey>
        <TemplateKey>
          <option name="groupName" value="Zen HTML" />
          <option name="key" value="img:z" />
        </TemplateKey>
        <TemplateKey>
          <option name="groupName" value="Zen HTML" />
          <option name="key" value="img:sizes" />
        </TemplateKey>
        <TemplateKey>
          <option name="groupName" value="Zen HTML" />
          <option name="key" value="picture" />
        </TemplateKey>
        <TemplateKey>
          <option name="groupName" value="Zen HTML" />
          <option name="key" value="src" />
        </TemplateKey>
        <TemplateKey>
          <option name="groupName" value="Zen HTML" />
          <option name="key" value="src:sc" />
        </TemplateKey>
        <TemplateKey>
          <option name="groupName" value="Zen HTML" />
          <option name="key" value="source:src" />
        </TemplateKey>
        <TemplateKey>
          <option name="groupName" value="Zen HTML" />
          <option name="key" value="src:s" />
        </TemplateKey>
        <TemplateKey>
          <option name="groupName" value="Zen HTML" />
          <option name="key" value="source:srcset" />
        </TemplateKey>
        <TemplateKey>
          <option name="groupName" value="Zen HTML" />
          <option name="key" value="src:m" />
        </TemplateKey>
        <TemplateKey>
          <option name="groupName" value="Zen HTML" />
          <option name="key" value="source:media" />
        </TemplateKey>
        <TemplateKey>
          <option name="groupName" value="Zen HTML" />
          <option name="key" value="src:t" />
        </TemplateKey>
        <TemplateKey>
          <option name="groupName" value="Zen HTML" />
          <option name="key" value="source:type" />
        </TemplateKey>
        <TemplateKey>
          <option name="groupName" value="Zen HTML" />
          <option name="key" value="src:z" />
        </TemplateKey>
        <TemplateKey>
          <option name="groupName" value="Zen HTML" />
          <option name="key" value="source:sizes" />
        </TemplateKey>
        <TemplateKey>
          <option name="groupName" value="Zen HTML" />
          <option name="key" value="src:mt" />
        </TemplateKey>
        <TemplateKey>
          <option name="groupName" value="Zen HTML" />
          <option name="key" value="source:media:type" />
        </TemplateKey>
        <TemplateKey>
          <option name="groupName" value="Zen HTML" />
          <option name="key" value="src:mz" />
        </TemplateKey>
        <TemplateKey>
          <option name="groupName" value="Zen HTML" />
          <option name="key" value="source:media:sizes" />
        </TemplateKey>
        <TemplateKey>
          <option name="groupName" value="Zen HTML" />
          <option name="key" value="src:zt" />
        </TemplateKey>
        <TemplateKey>
          <option name="groupName" value="Zen HTML" />
          <option name="key" value="source:sizes:type" />
        </TemplateKey>
        <TemplateKey>
          <option name="groupName" value="Zen HTML" />
          <option name="key" value="iframe" />
        </TemplateKey>
        <TemplateKey>
          <option name="groupName" value="Zen HTML" />
          <option name="key" value="embed" />
        </TemplateKey>
        <TemplateKey>
          <option name="groupName" value="Zen HTML" />
          <option name="key" value="object" />
        </TemplateKey>
        <TemplateKey>
          <option name="groupName" value="Zen HTML" />
          <option name="key" value="param" />
        </TemplateKey>
        <TemplateKey>
          <option name="groupName" value="Zen HTML" />
          <option name="key" value="map" />
        </TemplateKey>
        <TemplateKey>
          <option name="groupName" value="Zen HTML" />
          <option name="key" value="area" />
        </TemplateKey>
        <TemplateKey>
          <option name="groupName" value="Zen HTML" />
          <option name="key" value="area:d" />
        </TemplateKey>
        <TemplateKey>
          <option name="groupName" value="Zen HTML" />
          <option name="key" value="area:c" />
        </TemplateKey>
        <TemplateKey>
          <option name="groupName" value="Zen HTML" />
          <option name="key" value="area:r" />
        </TemplateKey>
        <TemplateKey>
          <option name="groupName" value="Zen HTML" />
          <option name="key" value="area:p" />
        </TemplateKey>
        <TemplateKey>
          <option name="groupName" value="Zen HTML" />
          <option name="key" value="form" />
        </TemplateKey>
        <TemplateKey>
          <option name="groupName" value="Zen HTML" />
          <option name="key" value="form:get" />
        </TemplateKey>
        <TemplateKey>
          <option name="groupName" value="Zen HTML" />
          <option name="key" value="form:post" />
        </TemplateKey>
        <TemplateKey>
          <option name="groupName" value="Zen HTML" />
          <option name="key" value="label" />
        </TemplateKey>
        <TemplateKey>
          <option name="groupName" value="Zen HTML" />
          <option name="key" value="input" />
        </TemplateKey>
        <TemplateKey>
          <option name="groupName" value="Zen HTML" />
          <option name="key" value="inp" />
        </TemplateKey>
        <TemplateKey>
          <option name="groupName" value="Zen HTML" />
          <option name="key" value="input:hidden" />
        </TemplateKey>
        <TemplateKey>
          <option name="groupName" value="Zen HTML" />
          <option name="key" value="input:h" />
        </TemplateKey>
        <TemplateKey>
          <option name="groupName" value="Zen HTML" />
          <option name="key" value="input:text" />
        </TemplateKey>
        <TemplateKey>
          <option name="groupName" value="Zen HTML" />
          <option name="key" value="input:t" />
        </TemplateKey>
        <TemplateKey>
          <option name="groupName" value="Zen HTML" />
          <option name="key" value="input:search" />
        </TemplateKey>
        <TemplateKey>
          <option name="groupName" value="Zen HTML" />
          <option name="key" value="input:email" />
        </TemplateKey>
        <TemplateKey>
          <option name="groupName" value="Zen HTML" />
          <option name="key" value="input:url" />
        </TemplateKey>
        <TemplateKey>
          <option name="groupName" value="Zen HTML" />
          <option name="key" value="input:password" />
        </TemplateKey>
        <TemplateKey>
          <option name="groupName" value="Zen HTML" />
          <option name="key" value="input:p" />
        </TemplateKey>
        <TemplateKey>
          <option name="groupName" value="Zen HTML" />
          <option name="key" value="input:datetime" />
        </TemplateKey>
        <TemplateKey>
          <option name="groupName" value="Zen HTML" />
          <option name="key" value="input:date" />
        </TemplateKey>
        <TemplateKey>
          <option name="groupName" value="Zen HTML" />
          <option name="key" value="input:datetime-local" />
        </TemplateKey>
        <TemplateKey>
          <option name="groupName" value="Zen HTML" />
          <option name="key" value="input:month" />
        </TemplateKey>
        <TemplateKey>
          <option name="groupName" value="Zen HTML" />
          <option name="key" value="input:week" />
        </TemplateKey>
        <TemplateKey>
          <option name="groupName" value="Zen HTML" />
          <option name="key" value="input:time" />
        </TemplateKey>
        <TemplateKey>
          <option name="groupName" value="Zen HTML" />
          <option name="key" value="input:tel" />
        </TemplateKey>
        <TemplateKey>
          <option name="groupName" value="Zen HTML" />
          <option name="key" value="input:number" />
        </TemplateKey>
        <TemplateKey>
          <option name="groupName" value="Zen HTML" />
          <option name="key" value="input:color" />
        </TemplateKey>
        <TemplateKey>
          <option name="groupName" value="Zen HTML" />
          <option name="key" value="input:checkbox" />
        </TemplateKey>
        <TemplateKey>
          <option name="groupName" value="Zen HTML" />
          <option name="key" value="input:c" />
        </TemplateKey>
        <TemplateKey>
          <option name="groupName" value="Zen HTML" />
          <option name="key" value="input:radio" />
        </TemplateKey>
        <TemplateKey>
          <option name="groupName" value="Zen HTML" />
          <option name="key" value="input:r" />
        </TemplateKey>
        <TemplateKey>
          <option name="groupName" value="Zen HTML" />
          <option name="key" value="input:range" />
        </TemplateKey>
        <TemplateKey>
          <option name="groupName" value="Zen HTML" />
          <option name="key" value="input:file" />
        </TemplateKey>
        <TemplateKey>
          <option name="groupName" value="Zen HTML" />
          <option name="key" value="input:f" />
        </TemplateKey>
        <TemplateKey>
          <option name="groupName" value="Zen HTML" />
          <option name="key" value="input:submit" />
        </TemplateKey>
        <TemplateKey>
          <option name="groupName" value="Zen HTML" />
          <option name="key" value="input:s" />
        </TemplateKey>
        <TemplateKey>
          <option name="groupName" value="Zen HTML" />
          <option name="key" value="input:image" />
        </TemplateKey>
        <TemplateKey>
          <option name="groupName" value="Zen HTML" />
          <option name="key" value="input:i" />
        </TemplateKey>
        <TemplateKey>
          <option name="groupName" value="Zen HTML" />
          <option name="key" value="input:button" />
        </TemplateKey>
        <TemplateKey>
          <option name="groupName" value="Zen HTML" />
          <option name="key" value="input:b" />
        </TemplateKey>
        <TemplateKey>
          <option name="groupName" value="Zen HTML" />
          <option name="key" value="isindex" />
        </TemplateKey>
        <TemplateKey>
          <option name="groupName" value="Zen HTML" />
          <option name="key" value="input:reset" />
        </TemplateKey>
        <TemplateKey>
          <option name="groupName" value="Zen HTML" />
          <option name="key" value="select" />
        </TemplateKey>
        <TemplateKey>
          <option name="groupName" value="Zen HTML" />
          <option name="key" value="select:disabled" />
        </TemplateKey>
        <TemplateKey>
          <option name="groupName" value="Zen HTML" />
          <option name="key" value="select:d" />
        </TemplateKey>
        <TemplateKey>
          <option name="groupName" value="Zen HTML" />
          <option name="key" value="option" />
        </TemplateKey>
        <TemplateKey>
          <option name="groupName" value="Zen HTML" />
          <option name="key" value="textarea" />
        </TemplateKey>
        <TemplateKey>
          <option name="groupName" value="Zen HTML" />
          <option name="key" value="marquee" />
        </TemplateKey>
        <TemplateKey>
          <option name="groupName" value="Zen HTML" />
          <option name="key" value="menu:context" />
        </TemplateKey>
        <TemplateKey>
          <option name="groupName" value="Zen HTML" />
          <option name="key" value="menu:c" />
        </TemplateKey>
        <TemplateKey>
          <option name="groupName" value="Zen HTML" />
          <option name="key" value="menu:toolbar" />
        </TemplateKey>
        <TemplateKey>
          <option name="groupName" value="Zen HTML" />
          <option name="key" value="menu:t" />
        </TemplateKey>
        <TemplateKey>
          <option name="groupName" value="Zen HTML" />
          <option name="key" value="video" />
        </TemplateKey>
        <TemplateKey>
          <option name="groupName" value="Zen HTML" />
          <option name="key" value="audio" />
        </TemplateKey>
        <TemplateKey>
          <option name="groupName" value="Zen HTML" />
          <option name="key" value="html:xml" />
        </TemplateKey>
        <TemplateKey>
          <option name="groupName" value="Zen HTML" />
          <option name="key" value="keygen" />
        </TemplateKey>
        <TemplateKey>
          <option name="groupName" value="Zen HTML" />
          <option name="key" value="command" />
        </TemplateKey>
        <TemplateKey>
          <option name="groupName" value="Zen HTML" />
          <option name="key" value="button:submit" />
        </TemplateKey>
        <TemplateKey>
          <option name="groupName" value="Zen HTML" />
          <option name="key" value="button:s" />
        </TemplateKey>
        <TemplateKey>
          <option name="groupName" value="Zen HTML" />
          <option name="key" value="button:reset" />
        </TemplateKey>
        <TemplateKey>
          <option name="groupName" value="Zen HTML" />
          <option name="key" value="button:r" />
        </TemplateKey>
        <TemplateKey>
          <option name="groupName" value="Zen HTML" />
          <option name="key" value="button:disabled" />
        </TemplateKey>
        <TemplateKey>
          <option name="groupName" value="Zen HTML" />
          <option name="key" value="button:d" />
        </TemplateKey>
        <TemplateKey>
          <option name="groupName" value="Zen HTML" />
          <option name="key" value="fieldset:disabled" />
        </TemplateKey>
        <TemplateKey>
          <option name="groupName" value="Zen HTML" />
          <option name="key" value="fieldset:d" />
        </TemplateKey>
        <TemplateKey>
          <option name="groupName" value="Zen HTML" />
          <option name="key" value="bq" />
        </TemplateKey>
        <TemplateKey>
          <option name="groupName" value="Zen HTML" />
          <option name="key" value="acr" />
        </TemplateKey>
        <TemplateKey>
          <option name="groupName" value="Zen HTML" />
          <option name="key" value="fig" />
        </TemplateKey>
        <TemplateKey>
          <option name="groupName" value="Zen HTML" />
          <option name="key" value="figc" />
        </TemplateKey>
        <TemplateKey>
          <option name="groupName" value="Zen HTML" />
          <option name="key" value="pic" />
        </TemplateKey>
        <TemplateKey>
          <option name="groupName" value="Zen HTML" />
          <option name="key" value="ifr" />
        </TemplateKey>
        <TemplateKey>
          <option name="groupName" value="Zen HTML" />
          <option name="key" value="emb" />
        </TemplateKey>
        <TemplateKey>
          <option name="groupName" value="Zen HTML" />
          <option name="key" value="obj" />
        </TemplateKey>
        <TemplateKey>
          <option name="groupName" value="Zen HTML" />
          <option name="key" value="cap" />
        </TemplateKey>
        <TemplateKey>
          <option name="groupName" value="Zen HTML" />
          <option name="key" value="colg" />
        </TemplateKey>
        <TemplateKey>
          <option name="groupName" value="Zen HTML" />
          <option name="key" value="fst" />
        </TemplateKey>
        <TemplateKey>
          <option name="groupName" value="Zen HTML" />
          <option name="key" value="fst:d" />
        </TemplateKey>
        <TemplateKey>
          <option name="groupName" value="Zen HTML" />
          <option name="key" value="btn" />
        </TemplateKey>
        <TemplateKey>
          <option name="groupName" value="Zen HTML" />
          <option name="key" value="btn:b" />
        </TemplateKey>
        <TemplateKey>
          <option name="groupName" value="Zen HTML" />
          <option name="key" value="btn:r" />
        </TemplateKey>
        <TemplateKey>
          <option name="groupName" value="Zen HTML" />
          <option name="key" value="btn:s" />
        </TemplateKey>
        <TemplateKey>
          <option name="groupName" value="Zen HTML" />
          <option name="key" value="btn:d" />
        </TemplateKey>
        <TemplateKey>
          <option name="groupName" value="Zen HTML" />
          <option name="key" value="optg" />
        </TemplateKey>
        <TemplateKey>
          <option name="groupName" value="Zen HTML" />
          <option name="key" value="opt" />
        </TemplateKey>
        <TemplateKey>
          <option name="groupName" value="Zen HTML" />
          <option name="key" value="tarea" />
        </TemplateKey>
        <TemplateKey>
          <option name="groupName" value="Zen HTML" />
          <option name="key" value="leg" />
        </TemplateKey>
        <TemplateKey>
          <option name="groupName" value="Zen HTML" />
          <option name="key" value="sect" />
        </TemplateKey>
        <TemplateKey>
          <option name="groupName" value="Zen HTML" />
          <option name="key" value="art" />
        </TemplateKey>
        <TemplateKey>
          <option name="groupName" value="Zen HTML" />
          <option name="key" value="hdr" />
        </TemplateKey>
        <TemplateKey>
          <option name="groupName" value="Zen HTML" />
          <option name="key" value="ftr" />
        </TemplateKey>
        <TemplateKey>
          <option name="groupName" value="Zen HTML" />
          <option name="key" value="adr" />
        </TemplateKey>
        <TemplateKey>
          <option name="groupName" value="Zen HTML" />
          <option name="key" value="dlg" />
        </TemplateKey>
        <TemplateKey>
          <option name="groupName" value="Zen HTML" />
          <option name="key" value="str" />
        </TemplateKey>
        <TemplateKey>
          <option name="groupName" value="Zen HTML" />
          <option name="key" value="prog" />
        </TemplateKey>
        <TemplateKey>
          <option name="groupName" value="Zen HTML" />
          <option name="key" value="mn" />
        </TemplateKey>
        <TemplateKey>
          <option name="groupName" value="Zen HTML" />
          <option name="key" value="tem" />
        </TemplateKey>
        <TemplateKey>
          <option name="groupName" value="Zen HTML" />
          <option name="key" value="fset" />
        </TemplateKey>
        <TemplateKey>
          <option name="groupName" value="Zen HTML" />
          <option name="key" value="fset:d" />
        </TemplateKey>
        <TemplateKey>
          <option name="groupName" value="Zen HTML" />
          <option name="key" value="datag" />
        </TemplateKey>
        <TemplateKey>
          <option name="groupName" value="Zen HTML" />
          <option name="key" value="datal" />
        </TemplateKey>
        <TemplateKey>
          <option name="groupName" value="Zen HTML" />
          <option name="key" value="kg" />
        </TemplateKey>
        <TemplateKey>
          <option name="groupName" value="Zen HTML" />
          <option name="key" value="out" />
        </TemplateKey>
        <TemplateKey>
          <option name="groupName" value="Zen HTML" />
          <option name="key" value="det" />
        </TemplateKey>
        <TemplateKey>
          <option name="groupName" value="Zen HTML" />
          <option name="key" value="cmd" />
        </TemplateKey>
        <TemplateKey>
          <option name="groupName" value="Zen HTML" />
          <option name="key" value="doc" />
        </TemplateKey>
        <TemplateKey>
          <option name="groupName" value="Zen HTML" />
          <option name="key" value="doc4" />
        </TemplateKey>
        <TemplateKey>
          <option name="groupName" value="Zen HTML" />
          <option name="key" value="ri:d" />
        </TemplateKey>
        <TemplateKey>
          <option name="groupName" value="Zen HTML" />
          <option name="key" value="ri:dpr" />
        </TemplateKey>
        <TemplateKey>
          <option name="groupName" value="Zen HTML" />
          <option name="key" value="ri:v" />
        </TemplateKey>
        <TemplateKey>
          <option name="groupName" value="Zen HTML" />
          <option name="key" value="ri:viewport" />
        </TemplateKey>
        <TemplateKey>
          <option name="groupName" value="Zen HTML" />
          <option name="key" value="ri:a" />
        </TemplateKey>
        <TemplateKey>
          <option name="groupName" value="Zen HTML" />
          <option name="key" value="ri:art" />
        </TemplateKey>
        <TemplateKey>
          <option name="groupName" value="Zen HTML" />
          <option name="key" value="ri:t" />
        </TemplateKey>
        <TemplateKey>
          <option name="groupName" value="Zen HTML" />
          <option name="key" value="ri:type" />
        </TemplateKey>
        <TemplateKey>
          <option name="groupName" value="Zen HTML" />
          <option name="key" value="html:4t" />
        </TemplateKey>
        <TemplateKey>
          <option name="groupName" value="Zen HTML" />
          <option name="key" value="html:4s" />
        </TemplateKey>
        <TemplateKey>
          <option name="groupName" value="Zen HTML" />
          <option name="key" value="html:xt" />
        </TemplateKey>
        <TemplateKey>
          <option name="groupName" value="Zen HTML" />
          <option name="key" value="html:xs" />
        </TemplateKey>
        <TemplateKey>
          <option name="groupName" value="Zen HTML" />
          <option name="key" value="html:xxs" />
        </TemplateKey>
        <TemplateKey>
          <option name="groupName" value="Zen HTML" />
          <option name="key" value="html:5" />
        </TemplateKey>
        <TemplateKey>
          <option name="groupName" value="Zen HTML" />
          <option name="key" value="ol+" />
        </TemplateKey>
        <TemplateKey>
          <option name="groupName" value="Zen HTML" />
          <option name="key" value="ul+" />
        </TemplateKey>
        <TemplateKey>
          <option name="groupName" value="Zen HTML" />
          <option name="key" value="dl+" />
        </TemplateKey>
        <TemplateKey>
          <option name="groupName" value="Zen HTML" />
          <option name="key" value="map+" />
        </TemplateKey>
        <TemplateKey>
          <option name="groupName" value="Zen HTML" />
          <option name="key" value="table+" />
        </TemplateKey>
        <TemplateKey>
          <option name="groupName" value="Zen HTML" />
          <option name="key" value="colgroup+" />
        </TemplateKey>
        <TemplateKey>
          <option name="groupName" value="Zen HTML" />
          <option name="key" value="colg+" />
        </TemplateKey>
        <TemplateKey>
          <option name="groupName" value="Zen HTML" />
          <option name="key" value="tr+" />
        </TemplateKey>
        <TemplateKey>
          <option name="groupName" value="Zen HTML" />
          <option name="key" value="select+" />
        </TemplateKey>
        <TemplateKey>
          <option name="groupName" value="Zen HTML" />
          <option name="key" value="optgroup+" />
        </TemplateKey>
        <TemplateKey>
          <option name="groupName" value="Zen HTML" />
          <option name="key" value="optg+" />
        </TemplateKey>
        <TemplateKey>
          <option name="groupName" value="Zen HTML" />
          <option name="key" value="pic+" />
        </TemplateKey>
        <TemplateKey>
          <option name="groupName" value="Zen HTML" />
          <option name="key" value="div" />
        </TemplateKey>
        <TemplateKey>
          <option name="groupName" value="Zen HTML" />
          <option name="key" value="span" />
        </TemplateKey>
        <TemplateKey>
          <option name="groupName" value="Zen HTML" />
          <option name="key" value="h1" />
        </TemplateKey>
        <TemplateKey>
          <option name="groupName" value="Zen HTML" />
          <option name="key" value="h2" />
        </TemplateKey>
        <TemplateKey>
          <option name="groupName" value="Zen HTML" />
          <option name="key" value="h3" />
        </TemplateKey>
        <TemplateKey>
          <option name="groupName" value="Zen HTML" />
          <option name="key" value="h4" />
        </TemplateKey>
        <TemplateKey>
          <option name="groupName" value="Zen HTML" />
          <option name="key" value="h5" />
        </TemplateKey>
        <TemplateKey>
          <option name="groupName" value="Zen HTML" />
          <option name="key" value="h6" />
        </TemplateKey>
        <TemplateKey>
          <option name="groupName" value="Zen HTML" />
          <option name="key" value="ol" />
        </TemplateKey>
        <TemplateKey>
          <option name="groupName" value="Zen HTML" />
          <option name="key" value="ul" />
        </TemplateKey>
        <TemplateKey>
          <option name="groupName" value="Zen HTML" />
          <option name="key" value="title" />
        </TemplateKey>
        <TemplateKey>
          <option name="groupName" value="Zen HTML" />
          <option name="key" value="p" />
        </TemplateKey>
        <TemplateKey>
          <option name="groupName" value="Zen HTML" />
          <option name="key" value="head" />
        </TemplateKey>
        <TemplateKey>
          <option name="groupName" value="Zen HTML" />
          <option name="key" value="header" />
        </TemplateKey>
        <TemplateKey>
          <option name="groupName" value="Zen HTML" />
          <option name="key" value="b" />
        </TemplateKey>
        <TemplateKey>
          <option name="groupName" value="Zen HTML" />
          <option name="key" value="i" />
        </TemplateKey>
        <TemplateKey>
          <option name="groupName" value="Zen HTML" />
          <option name="key" value="table" />
        </TemplateKey>
        <TemplateKey>
          <option name="groupName" value="Zen HTML" />
          <option name="key" value="td" />
        </TemplateKey>
        <TemplateKey>
          <option name="groupName" value="Zen HTML" />
          <option name="key" value="li" />
        </TemplateKey>
        <TemplateKey>
          <option name="groupName" value="Zen XSL" />
          <option name="key" value="tmatch" />
        </TemplateKey>
        <TemplateKey>
          <option name="groupName" value="Zen XSL" />
          <option name="key" value="tm" />
        </TemplateKey>
        <TemplateKey>
          <option name="groupName" value="Zen XSL" />
          <option name="key" value="par" />
        </TemplateKey>
        <TemplateKey>
          <option name="groupName" value="Zen XSL" />
          <option name="key" value="pare" />
        </TemplateKey>
        <TemplateKey>
          <option name="groupName" value="Zen XSL" />
          <option name="key" value="co" />
        </TemplateKey>
        <TemplateKey>
          <option name="groupName" value="Zen XSL" />
          <option name="key" value="attr" />
        </TemplateKey>
        <TemplateKey>
          <option name="groupName" value="Zen XSL" />
          <option name="key" value="val" />
        </TemplateKey>
        <TemplateKey>
          <option name="groupName" value="Zen XSL" />
          <option name="key" value="xsl:when" />
        </TemplateKey>
        <TemplateKey>
          <option name="groupName" value="Zen XSL" />
          <option name="key" value="each" />
        </TemplateKey>
        <TemplateKey>
          <option name="groupName" value="Zen XSL" />
          <option name="key" value="var" />
        </TemplateKey>
        <TemplateKey>
          <option name="groupName" value="Zen XSL" />
          <option name="key" value="wh" />
        </TemplateKey>
        <TemplateKey>
          <option name="groupName" value="Zen XSL" />
          <option name="key" value="ap" />
        </TemplateKey>
        <TemplateKey>
          <option name="groupName" value="Zen XSL" />
          <option name="key" value="call" />
        </TemplateKey>
        <TemplateKey>
          <option name="groupName" value="Zen XSL" />
          <option name="key" value="ch" />
        </TemplateKey>
        <TemplateKey>
          <option name="groupName" value="Zen XSL" />
          <option name="key" value="choose" />
        </TemplateKey>
        <TemplateKey>
          <option name="groupName" value="Zen XSL" />
          <option name="key" value="vare" />
        </TemplateKey>
        <TemplateKey>
          <option name="groupName" value="Zen XSL" />
          <option name="key" value="tname" />
        </TemplateKey>
        <TemplateKey>
          <option name="groupName" value="Zen XSL" />
          <option name="key" value="tn" />
        </TemplateKey>
        <TemplateKey>
          <option name="groupName" value="Zen XSL" />
          <option name="key" value="if" />
        </TemplateKey>
        <TemplateKey>
          <option name="groupName" value="Zen XSL" />
          <option name="key" value="sort" />
        </TemplateKey>
        <TemplateKey>
          <option name="groupName" value="Zen XSL" />
          <option name="key" value="proc" />
        </TemplateKey>
        <TemplateKey>
          <option name="groupName" value="Zen XSL" />
          <option name="key" value="for" />
        </TemplateKey>
        <TemplateKey>
          <option name="groupName" value="Zen XSL" />
          <option name="key" value="strip" />
        </TemplateKey>
        <TemplateKey>
          <option name="groupName" value="Zen XSL" />
          <option name="key" value="pres" />
        </TemplateKey>
        <TemplateKey>
          <option name="groupName" value="Zen XSL" />
          <option name="key" value="nam" />
        </TemplateKey>
        <TemplateKey>
          <option name="groupName" value="Zen XSL" />
          <option name="key" value="num" />
        </TemplateKey>
        <TemplateKey>
          <option name="groupName" value="Zen XSL" />
          <option name="key" value="fall" />
        </TemplateKey>
        <TemplateKey>
          <option name="groupName" value="Zen XSL" />
          <option name="key" value="msg" />
        </TemplateKey>
        <TemplateKey>
          <option name="groupName" value="Zen XSL" />
          <option name="key" value="com" />
        </TemplateKey>
        <TemplateKey>
          <option name="groupName" value="Zen XSL" />
          <option name="key" value="ot" />
        </TemplateKey>
        <TemplateKey>
          <option name="groupName" value="Zen XSL" />
          <option name="key" value="tex" />
        </TemplateKey>
        <TemplateKey>
          <option name="groupName" value="Zen XSL" />
          <option name="key" value="api" />
        </TemplateKey>
        <TemplateKey>
          <option name="groupName" value="Zen XSL" />
          <option name="key" value="cp" />
        </TemplateKey>
        <TemplateKey>
          <option name="groupName" value="Zen XSL" />
          <option name="key" value="attrs" />
        </TemplateKey>
        <TemplateKey>
          <option name="groupName" value="Zen XSL" />
          <option name="key" value="elem" />
        </TemplateKey>
        <TemplateKey>
          <option name="groupName" value="Zen XSL" />
          <option name="key" value="inc" />
        </TemplateKey>
        <TemplateKey>
          <option name="groupName" value="Zen XSL" />
          <option name="key" value="imp" />
        </TemplateKey>
        <TemplateKey>
          <option name="groupName" value="Zen XSL" />
          <option name="key" value="xsl" />
        </TemplateKey>
        <TemplateKey>
          <option name="groupName" value="Zen XSL" />
          <option name="key" value="key" />
        </TemplateKey>
        <TemplateKey>
          <option name="groupName" value="Zen XSL" />
          <option name="key" value="!!!" />
        </TemplateKey>
        <TemplateKey>
          <option name="groupName" value="xsl" />
          <option name="key" value="ai" />
        </TemplateKey>
        <TemplateKey>
          <option name="groupName" value="xsl" />
          <option name="key" value="an" />
        </TemplateKey>
        <TemplateKey>
          <option name="groupName" value="xsl" />
          <option name="key" value="ats" />
        </TemplateKey>
        <TemplateKey>
          <option name="groupName" value="xsl" />
          <option name="key" value="atsm" />
        </TemplateKey>
        <TemplateKey>
          <option name="groupName" value="xsl" />
          <option name="key" value="cos" />
        </TemplateKey>
        <TemplateKey>
          <option name="groupName" value="xsl" />
          <option name="key" value="ctn" />
        </TemplateKey>
        <TemplateKey>
          <option name="groupName" value="xsl" />
          <option name="key" value="ctnwp" />
        </TemplateKey>
        <TemplateKey>
          <option name="groupName" value="xsl" />
          <option name="key" value="cwt" />
        </TemplateKey>
        <TemplateKey>
          <option name="groupName" value="xsl" />
          <option name="key" value="cwto" />
        </TemplateKey>
        <TemplateKey>
          <option name="groupName" value="xsl" />
          <option name="key" value="fe" />
        </TemplateKey>
        <TemplateKey>
          <option name="groupName" value="xsl" />
          <option name="key" value="it" />
        </TemplateKey>
        <TemplateKey>
          <option name="groupName" value="xsl" />
          <option name="key" value="kn" />
        </TemplateKey>
        <TemplateKey>
          <option name="groupName" value="xsl" />
          <option name="key" value="o" />
        </TemplateKey>
        <TemplateKey>
          <option name="groupName" value="xsl" />
          <option name="key" value="pn" />
        </TemplateKey>
        <TemplateKey>
          <option name="groupName" value="xsl" />
          <option name="key" value="tm" />
        </TemplateKey>
        <TemplateKey>
          <option name="groupName" value="xsl" />
          <option name="key" value="tmm" />
        </TemplateKey>
        <TemplateKey>
          <option name="groupName" value="xsl" />
          <option name="key" value="tn" />
        </TemplateKey>
        <TemplateKey>
          <option name="groupName" value="xsl" />
          <option name="key" value="tt" />
        </TemplateKey>
        <TemplateKey>
          <option name="groupName" value="xsl" />
          <option name="key" value="vn" />
        </TemplateKey>
        <TemplateKey>
          <option name="groupName" value="xsl" />
          <option name="key" value="vns" />
        </TemplateKey>
        <TemplateKey>
          <option name="groupName" value="xsl" />
          <option name="key" value="vos" />
        </TemplateKey>
        <TemplateKey>
          <option name="groupName" value="xsl" />
          <option name="key" value="wp" />
        </TemplateKey>
        <TemplateKey>
          <option name="groupName" value="xsl" />
          <option name="key" value="wpn" />
        </TemplateKey>
        <TemplateKey>
          <option name="groupName" value="xsl" />
          <option name="key" value="wt" />
        </TemplateKey>
        <TemplateKey>
          <option name="groupName" value="Groovy" />
          <option name="key" value="serr" />
        </TemplateKey>
        <TemplateKey>
          <option name="groupName" value="Groovy" />
          <option name="key" value="sout" />
        </TemplateKey>
        <TemplateKey>
          <option name="groupName" value="Groovy" />
          <option name="key" value="souf" />
        </TemplateKey>
        <TemplateKey>
          <option name="groupName" value="Groovy" />
          <option name="key" value="soutm" />
        </TemplateKey>
        <TemplateKey>
          <option name="groupName" value="Groovy" />
          <option name="key" value="soutp" />
        </TemplateKey>
        <TemplateKey>
          <option name="groupName" value="Groovy" />
          <option name="key" value="soutv" />
        </TemplateKey>
        <TemplateKey>
          <option name="groupName" value="Android" />
          <option name="key" value="Toast" />
        </TemplateKey>
        <TemplateKey>
          <option name="groupName" value="Android" />
          <option name="key" value="rouiT" />
        </TemplateKey>
        <TemplateKey>
          <option name="groupName" value="Android" />
          <option name="key" value="fbc" />
        </TemplateKey>
        <TemplateKey>
          <option name="groupName" value="Android" />
          <option name="key" value="foreach" />
        </TemplateKey>
        <TemplateKey>
          <option name="groupName" value="Android" />
          <option name="key" value="sbc" />
        </TemplateKey>
        <TemplateKey>
          <option name="groupName" value="Android" />
          <option name="key" value="Sfmt" />
        </TemplateKey>
        <TemplateKey>
          <option name="groupName" value="Android" />
          <option name="key" value="IntentView" />
        </TemplateKey>
        <TemplateKey>
          <option name="groupName" value="Android" />
          <option name="key" value="ViewConstructors" />
        </TemplateKey>
        <TemplateKey>
          <option name="groupName" value="Android" />
          <option name="key" value="rgS" />
        </TemplateKey>
        <TemplateKey>
          <option name="groupName" value="Android" />
          <option name="key" value="wrapIt" />
        </TemplateKey>
        <TemplateKey>
          <option name="groupName" value="Android" />
          <option name="key" value="newInstance" />
        </TemplateKey>
        <TemplateKey>
          <option name="groupName" value="Android" />
          <option name="key" value="noInstance" />
        </TemplateKey>
        <TemplateKey>
          <option name="groupName" value="Android" />
          <option name="key" value="starter" />
        </TemplateKey>
        <TemplateKey>
          <option name="groupName" value="Android" />
          <option name="key" value="const" />
        </TemplateKey>
        <TemplateKey>
          <option name="groupName" value="Android" />
          <option name="key" value="key" />
        </TemplateKey>
        <TemplateKey>
          <option name="groupName" value="Android" />
          <option name="key" value="visible" />
        </TemplateKey>
        <TemplateKey>
          <option name="groupName" value="Android" />
          <option name="key" value="gone" />
        </TemplateKey>
        <TemplateKey>
          <option name="groupName" value="AndroidComments" />
          <option name="key" value="ccode" />
        </TemplateKey>
        <TemplateKey>
          <option name="groupName" value="AndroidComments" />
          <option name="key" value="cfalse" />
        </TemplateKey>
        <TemplateKey>
          <option name="groupName" value="AndroidComments" />
          <option name="key" value="clink" />
        </TemplateKey>
        <TemplateKey>
          <option name="groupName" value="AndroidComments" />
          <option name="key" value="ctrue" />
        </TemplateKey>
        <TemplateKey>
          <option name="groupName" value="AndroidComments" />
          <option name="key" value="fixme" />
        </TemplateKey>
        <TemplateKey>
          <option name="groupName" value="AndroidComments" />
          <option name="key" value="noop" />
        </TemplateKey>
        <TemplateKey>
          <option name="groupName" value="AndroidComments" />
          <option name="key" value="stopship" />
        </TemplateKey>
        <TemplateKey>
          <option name="groupName" value="AndroidComments" />
          <option name="key" value="todo" />
        </TemplateKey>
        <TemplateKey>
          <option name="groupName" value="AndroidLog" />
          <option name="key" value="logd" />
        </TemplateKey>
        <TemplateKey>
          <option name="groupName" value="AndroidLog" />
          <option name="key" value="loge" />
        </TemplateKey>
        <TemplateKey>
          <option name="groupName" value="AndroidLog" />
          <option name="key" value="logi" />
        </TemplateKey>
        <TemplateKey>
          <option name="groupName" value="AndroidLog" />
          <option name="key" value="logw" />
        </TemplateKey>
        <TemplateKey>
          <option name="groupName" value="AndroidLog" />
          <option name="key" value="wtf" />
        </TemplateKey>
        <TemplateKey>
          <option name="groupName" value="AndroidLog" />
          <option name="key" value="logt" />
        </TemplateKey>
        <TemplateKey>
          <option name="groupName" value="AndroidLog" />
          <option name="key" value="logm" />
        </TemplateKey>
        <TemplateKey>
          <option name="groupName" value="AndroidLog" />
          <option name="key" value="logr" />
        </TemplateKey>
        <TemplateKey>
          <option name="groupName" value="AndroidParcelable" />
          <option name="key" value="Parcelable" />
        </TemplateKey>
        <TemplateKey>
          <option name="groupName" value="AndroidParcelable" />
          <option name="key" value="ParcelableEnum" />
        </TemplateKey>
        <TemplateKey>
          <option name="groupName" value="AndroidParcelable" />
          <option name="key" value="ParcelableEnumTest" />
        </TemplateKey>
        <TemplateKey>
          <option name="groupName" value="AndroidParcelable" />
          <option name="key" value="ParcelBoolean" />
        </TemplateKey>
        <TemplateKey>
          <option name="groupName" value="AndroidParcelable" />
          <option name="key" value="UnparcelBoolean" />
        </TemplateKey>
        <TemplateKey>
          <option name="groupName" value="AndroidParcelable" />
          <option name="key" value="UnparcelIntArray" />
        </TemplateKey>
        <TemplateKey>
          <option name="groupName" value="AndroidParcelable" />
          <option name="key" value="UnparcelStringArray" />
        </TemplateKey>
        <TemplateKey>
          <option name="groupName" value="AndroidXML" />
          <option name="key" value="appNs" />
        </TemplateKey>
        <TemplateKey>
          <option name="groupName" value="AndroidXML" />
          <option name="key" value="toolsNs" />
        </TemplateKey>
        <TemplateKey>
          <option name="groupName" value="AndroidXML" />
          <option name="key" value="lww" />
        </TemplateKey>
        <TemplateKey>
          <option name="groupName" value="AndroidXML" />
          <option name="key" value="lw" />
        </TemplateKey>
        <TemplateKey>
          <option name="groupName" value="AndroidXML" />
          <option name="key" value="lwm" />
        </TemplateKey>
        <TemplateKey>
          <option name="groupName" value="AndroidXML" />
          <option name="key" value="lhw" />
        </TemplateKey>
        <TemplateKey>
          <option name="groupName" value="AndroidXML" />
          <option name="key" value="lhm" />
        </TemplateKey>
        <TemplateKey>
          <option name="groupName" value="AndroidXML" />
          <option name="key" value="lh" />
        </TemplateKey>
        <TemplateKey>
          <option name="groupName" value="Shell Script Hidden" />
          <option name="key" value="shell_if" />
        </TemplateKey>
        <TemplateKey>
          <option name="groupName" value="Shell Script Hidden" />
          <option name="key" value="shell_elif" />
        </TemplateKey>
        <TemplateKey>
          <option name="groupName" value="Shell Script Hidden" />
          <option name="key" value="shell_select" />
        </TemplateKey>
        <TemplateKey>
          <option name="groupName" value="Shell Script Hidden" />
          <option name="key" value="shell_case" />
        </TemplateKey>
        <TemplateKey>
          <option name="groupName" value="Shell Script Hidden" />
          <option name="key" value="shell_for" />
        </TemplateKey>
        <TemplateKey>
          <option name="groupName" value="Shell Script Hidden" />
          <option name="key" value="shell_while" />
        </TemplateKey>
        <TemplateKey>
          <option name="groupName" value="Shell Script Hidden" />
          <option name="key" value="shell_until" />
        </TemplateKey>
        <TemplateKey>
          <option name="groupName" value="Shell Script Hidden" />
          <option name="key" value="shell_function" />
        </TemplateKey>
        <TemplateKey>
          <option name="groupName" value="Shell Script Hidden" />
          <option name="key" value="shell_string equal" />
        </TemplateKey>
        <TemplateKey>
          <option name="groupName" value="Shell Script Hidden" />
          <option name="key" value="shell_string not equal" />
        </TemplateKey>
        <TemplateKey>
          <option name="groupName" value="Shell Script Hidden" />
          <option name="key" value="shell_string is empty" />
        </TemplateKey>
        <TemplateKey>
          <option name="groupName" value="Shell Script Hidden" />
          <option name="key" value="shell_string not empty" />
        </TemplateKey>
        <TemplateKey>
          <option name="groupName" value="Shell Script Hidden" />
          <option name="key" value="shell_number equal" />
        </TemplateKey>
        <TemplateKey>
          <option name="groupName" value="Shell Script Hidden" />
          <option name="key" value="shell_number not equal" />
        </TemplateKey>
        <TemplateKey>
          <option name="groupName" value="Shell Script Hidden" />
          <option name="key" value="shell_number less" />
        </TemplateKey>
        <TemplateKey>
          <option name="groupName" value="Shell Script Hidden" />
          <option name="key" value="shell_number less or equal" />
        </TemplateKey>
        <TemplateKey>
          <option name="groupName" value="Shell Script Hidden" />
          <option name="key" value="shell_number greater" />
        </TemplateKey>
        <TemplateKey>
          <option name="groupName" value="Shell Script Hidden" />
          <option name="key" value="shell_number greater or equal" />
        </TemplateKey>
        <TemplateKey>
          <option name="groupName" value="Shell Script Hidden" />
          <option name="key" value="shell_file exists" />
        </TemplateKey>
        <TemplateKey>
          <option name="groupName" value="Shell Script Hidden" />
          <option name="key" value="shell_file not empty" />
        </TemplateKey>
        <TemplateKey>
          <option name="groupName" value="Shell Script Hidden" />
          <option name="key" value="shell_file readable" />
        </TemplateKey>
        <TemplateKey>
          <option name="groupName" value="Shell Script Hidden" />
          <option name="key" value="shell_file writable" />
        </TemplateKey>
        <TemplateKey>
          <option name="groupName" value="Shell Script Hidden" />
          <option name="key" value="shell_file executable" />
        </TemplateKey>
        <TemplateKey>
          <option name="groupName" value="Shell Script Hidden" />
          <option name="key" value="shell_file equals" />
        </TemplateKey>
        <TemplateKey>
          <option name="groupName" value="Shell Script Hidden" />
          <option name="key" value="shell_file newer" />
        </TemplateKey>
        <TemplateKey>
          <option name="groupName" value="Shell Script Hidden" />
          <option name="key" value="shell_file older" />
        </TemplateKey>
        <TemplateKey>
          <option name="groupName" value="Shell Script Hidden" />
          <option name="key" value="shell_path exists" />
        </TemplateKey>
        <TemplateKey>
          <option name="groupName" value="Shell Script Hidden" />
          <option name="key" value="shell_directory exists" />
        </TemplateKey>
        <TemplateKey>
          <option name="groupName" value="Shell Script Hidden" />
          <option name="key" value="shell_command exists" />
        </TemplateKey>
      </list>
    </option>
  </component>
</application>